x,y,z,qw,qx,qy,qz,k11,k12,k13,k21,k22,k23,k31,k32,k33,d11,d12,d13,d21,d22,d23,d31,d32,d33
0.37166000,-0.32794000,0.24566000,0.50540306,-0.49933302,0.49576300,0.49945302,300.00000000,0.00000000,0.00000000,0.00000000,300.00000000,0.00000000,0.00000000,0.00000000,300.00000000,1.00669512,-1.88141759,-2.16622466,-1.88141759,5.00372150,0.39549884,-2.16622466,0.39549884,17.21690636
0.37173712,-0.32797770,0.24565957,0.50540437,-0.49932760,0.49577152,0.49944866,300.12523275,0.16151327,-0.05516464,0.16151327,299.69454046,0.19522222,-0.05516464,0.19522222,298.08397391,1.08824992,-1.93057847,-2.01924493,-1.93057847,5.04392830,-0.26209674,-2.01924493,-0.26209674,15.72695515
0.37195155,-0.32806485,0.24565880,0.50540819,-0.49931175,0.49579587,0.49943648,300.27539913,0.31694746,-0.11516695,0.31694746,299.36958328,0.39614254,-0.11516695,0.39614254,296.16153503,1.17795045,-1.97970967,-1.84431211,-1.97970967,5.09520384,-0.92995997,-1.84431211,-0.92995997,14.29925630
0.37227956,-0.32816570,0.24565855,0.50541427,-0.49928623,0.49583374,0.49941824,300.44962742,0.46487503,-0.17905952,0.46487503,299.02346635,0.60332996,-0.17905952,0.60332996,294.23078375,1.27644444,-2.02835552,-1.63824221,-2.02835552,5.15868448,-1.60419368,-1.63824221,-1.60419368,12.95514065
0.37269961,-0.32824857,0.24565977,0.50542242,-0.49925175,0.49588308,0.49939547,300.64671419,0.60370064,-0.24570818,0.60370064,298.65443125,0.81739738,-0.24570818,0.81739738,292.28964186,1.38439031,-2.07600145,-1.39775579,-2.07600145,5.23545733,-2.28039907,-1.39775579,-2.28039907,11.71738293
0.37319217,-0.32828544,0.24566358,0.50543245,-0.49920892,0.49594207,0.49936956,300.86510112,0.73165683,-0.31378181,0.73165683,298.26062759,1.03900074,-0.31378181,1.03900074,290.33586720,1.50244858,-2.12207383,-1.11952796,-2.12207383,5.32651916,-2.95369436,-1.11952796,-2.95369436,10.60990088
0.37373958,-0.32825163,0.24567115,0.50544422,-0.49915830,0.49600905,0.49934171,301.10285607,0.84680250,-0.38174524,0.84680250,297.84011952,1.26883704,-0.38174524,1.26883704,288.36707496,1.63127199,-2.16594095,-0.80024814,-2.16594095,5.43272959,-3.61874815,-0.80024814,-3.61874815,9.65737138
0.37432583,-0.32812547,0.24568377,0.50545760,-0.49910037,0.49608259,0.49931302,301.35765980,0.94702468,-0.44785544,0.94702468,297.39089456,1.50764096,-0.44785544,1.50764096,286.38076613,1.77149442,-2.20691521,-0.43668909,-2.20691521,5.55475933,-4.26982816,-0.43668909,-4.26982816,8.88476473
0.37493642,-0.32788790,0.24570279,0.50547248,-0.49903558,0.49616140,0.49928442,301.62679925,1.03004415,-0.51016212,1.03004415,296.91087477,1.75617972,-0.51016212,1.75617972,284.37436316,1.92371877,-2.24425665,-0.02578407,-2.24425665,5.69303475,-4.90086570,-0.02578407,-4.90086570,8.31680269
0.37555817,-0.32752215,0.24572952,0.50548877,-0.49896429,0.49624432,0.49925676,301.90716874,1.09342509,-0.56651306,1.09342509,296.39793035,2.01524613,-0.56651306,2.01524613,282.34525256,2.08850435,-2.27717757,0.43528969,-2.27717757,5.84768044,-5.50553525,0.43528969,-5.50553525,7.97735060
0.37617900,-0.32701337,0.24576525,0.50550640,-0.49888684,0.49633037,0.49923077,302.19527963,1.13458926,-0.61456496,1.13458926,295.84989547,2.28564960,-0.61456496,2.28564960,280.29083395,2.26635388,-2.30484850,0.94902352,-2.30484850,6.01846194,-6.07734790,0.94902352,-6.07734790,7.88875926
0.37678775,-0.32634831,0.24581108,0.50552532,-0.49880351,0.49641866,0.49920709,302.48727938,1.15083462,-0.65180003,1.15083462,295.26458631,2.56820487,-0.65180003,2.56820487,278.20857450,2.45770091,-2.32640497,1.51748878,-2.32640497,6.20473115,-6.60975639,1.51748878,-6.60975639,8.07117703
0.37737400,-0.32551501,0.24586791,0.50554549,-0.49871455,0.49650842,0.49918628,302.77898017,1.13935861,-0.67554873,1.13935861,294.63982082,2.86371856,-0.67554873,2.86371856,276.09606750,2.66289793,-2.34095515,2.14225072,-2.34095515,6.40537745,-7.09626883,2.14225072,-7.09626883,8.54185721
0.37792796,-0.32450253,0.24593631,0.50556689,-0.49862016,0.49659898,0.49916882,303.06589714,1.09728556,-0.68301845,1.09728556,293.97343987,3.17297338,-0.68301845,3.17297338,273.95109336,2.88220593,-2.34758795,2.82428850,-2.34758795,6.61878758,-7.53056737,2.82428850,-7.53056737,9.31448902
0.37844030,-0.32330076,0.24601648,0.50558949,-0.49852051,0.49668977,0.49915512,303.34329577,1.02169806,-0.67132813,1.02169806,293.26332928,3.49671017,-0.67132813,3.49671017,271.77168100,3.11578597,-2.34538128,3.56392504,-2.34538128,6.84281734,-7.90662772,3.56392504,-7.90662772,10.39858237
0.37890220,-0.32190027,0.24610819,0.50561332,-0.49841575,0.49678029,0.49914554,303.60624760,0.90967157,-0.63754811,0.90967157,292.50744210,3.83560803,-0.63754811,3.83560803,269.55616760,3.36369311,-2.33341009,4.36077063,-2.33341009,7.07477842,-8.21883487,4.36077063,-8.21883487,11.79893701
0.37930536,-0.32029222,0.24621079,0.50563836,-0.49830598,0.49687011,0.49914035,303.84969308,0.75831144,-0.57874451,0.75831144,291.70382038,4.19026271,-0.57874451,4.19026271,267.30325441,3.62587335,-2.31075384,5.21368337,-2.31075384,7.31144268,-8.46209059,5.21368337,-8.46209059,13.51522427
0.37964211,-0.31846829,0.24632315,0.50566465,-0.49819130,0.49695891,0.49913979,304.06850986,0.56479136,-0.49202715,0.56479136,290.85061591,4.56116374,-0.49202715,4.56116374,265.01205638,3.90216377,-2.27650321,6.12074924,-2.27650321,7.54906637,-8.63190851,6.12074924,-8.63190851,15.54170630
0.37990566,-0.31642079,0.24644378,0.50569222,-0.49807177,0.49704638,0.49914406,304.25758461,0.32639231,-0.37459962,0.32639231,289.94610901,4.94867092,-0.37459962,4.94867092,262.68214366,4.19229598,-2.22976552,7.07928338,-2.22976552,7.78343549,-8.72449316,7.07928338,-8.72449316,17.86711134
0.38009035,-0.31414261,0.24657087,0.50572109,-0.49794744,0.49713230,0.49915329,304.41188629,0.04054060,-0.22381025,0.04054060,288.98872488,5.35299049,-0.22381025,5.35299049,260.31357331,4.49590285,-2.16966895,8.08585336,-2.16966895,8.00993302,-8.73680023,8.08585336,-8.73680023,20.47467658
0.38019198,-0.31162744,0.24670235,0.50575131,-0.49781834,0.49721649,0.49916758,304.52653867,-0.29515587,-0.03720233,-0.29515587,287.97704680,5.77415197,-0.03720233,5.77415197,257.90690968,4.81252834,-2.09536534,9.13632392,-2.09536534,8.22362757,-8.66657640,9.13632392,-8.66657640,23.34236157
0.38020812,-0.30886984,0.24683606,0.50578294,-0.49768448,0.49729882,0.49918700,304.59688966,-0.68287443,0.18743790,-0.68287443,286.90982582,6.21198604,0.18743790,6.21198604,255.46323289,5.14163979,-2.00603157,10.22592155,-2.00603157,8.41938233,-8.51237828,10.22592155,-8.51237828,26.44322675
0.38013843,-0.30586549,0.24696983,0.50581603,-0.49754586,0.49737920,0.49921157,304.61857569,-1.12454841,0.45203699,-1.12454841,285.78598649,6.66610435,0.45203699,6.66610435,252.98413489,5.48264229,-1.90086979,11.34931618,-1.90086979,8.59198200,-8.27357117,11.34931618,-8.27357117,29.74596279
0.37998480,-0.30261135,0.24710159,0.50585063,-0.49740248,0.49745759,0.49924129,304.58757890,-1.62184280,0.75819511,-1.62184280,284.60462863,7.13588175,0.75819511,7.13588175,250.47170330,5.83489411,-1.77910674,12.50071648,-1.77910674,8.73627478,-7.95030961,12.50071648,-7.95030961,33.21554968
0.37975152,-0.29910591,0.24722950,0.50588681,-0.49725432,0.49753397,0.49927611,304.50027596,-2.17613518,1.10715316,-2.17613518,283.36502494,7.62044164,1.10715316,7.62044164,247.92849375,6.19772247,-1.63999247,13.67397447,-1.63999247,8.84732574,-7.54350232,13.67397447,-7.54350232,36.81401803
0.37944526,-0.29534935,0.24735202,0.50592464,-0.49710135,0.49760836,0.49931597,304.35347710,-2.78850263,1.49976697,-2.78850263,282.06661489,8.11864481,1.49976697,8.11864481,245.35749166,6.57043871,-1.48279909,14.86269497,-1.48279909,8.92057736,-7.05476523,14.86269497,-7.05476523,40.50128154
0.37907487,-0.29134373,0.24746796,0.50596418,-0.49694354,0.49768080,0.49936078,304.14445482,-3.45971441,1.93648931,-3.45971441,280.70899504,8.62908219,1.93648931,8.62908219,242.76206495,6.95235192,-1.30681999,16.06034522,-1.30681999,8.95201284,-6.48636646,16.06034522,-6.48636646,44.23600760
0.37865114,-0.28709299,0.24757654,0.50600551,-0.49678088,0.49775136,0.49941042,303.87096194,-4.19023062,2.41736005,-4.19023062,279.29190644,9.15007175,2.41736005,9.15007175,240.14590911,7.34278011,-1.11137022,17.26036039,-1.11137022,8.93831738,-5.84116708,17.26036039,-5.84116708,47.97649340
0.37818644,-0.28260284,0.24767737,0.50604870,-0.49661332,0.49782014,0.49946475,303.53123919,-4.98020630,2.94200427,-4.98020630,277.81521966,9.67965972,2.94200427,9.67965972,237.51298647,7.74105827,-0.89578858,18.45624130,-0.89578858,8.87703270,-5.12256157,18.45624130,-5.12256157,51.68151697
0.37769420,-0.27788058,0.24777044,0.50609382,-0.49644083,0.49788726,0.49952360,303.12401284,-5.82950052,3.50963840,-5.82950052,276.27891833,10.21562599,3.50963840,10.21562599,234.86746128,8.14654267,-0.65944209,19.64164102,-0.65944209,8.76670019,-4.33442107,19.64164102,-4.33442107,55.31113642
0.37718847,-0.27293464,0.24785604,0.50614094,-0.49626338,0.49795284,0.49958680,302.64848333,-6.73768985,4.11908353,-6.73768985,274.68308182,10.75549373,4.11908353,10.75549373,232.21363230,8.55861081,-0.40173339,20.81043847,-0.40173339,8.60698811,-3.48104200,20.81043847,-3.48104200,58.82741553
0.37668334,-0.26777400,0.24793472,0.50619014,-0.49608094,0.49801704,0.49965415,302.10430592,-7.70408539,4.76878539,-7.70408539,273.02786818,11.29654297,4.76878539,11.29654297,229.55586446,8.97665696,-0.12211151,21.95679751,-0.12211151,8.39879836,-2.56710161,21.95679751,-2.56710161,62.19505901
0.37619242,-0.26240757,0.24800717,0.50624149,-0.49589350,0.49808000,0.49972543,301.49156467,-8.72775255,5.45684018,-8.72775255,271.31349792,11.83582785,5.45684018,11.83582785,226.89852096,9.40008295,0.17991341,23.07521129,0.17991341,8.14434881,-1.59762122,23.07521129,-1.59762122,65.38194642
0.37572834,-0.25684339,0.24807419,0.50629505,-0.49570103,0.49814192,0.49980040,300.81074125,-9.80753268,6.18102505,-9.80753268,269.54023975,12.37019724,6.18102505,12.37019724,224.24589709,9.82828456,0.50475132,24.16053223,0.50475132,7.84722712,-0.57793684,24.16053223,-0.57793684,68.35955910
0.37530227,-0.25108801,0.24813653,0.50635089,-0.49550352,0.49820296,0.49987884,300.06267968,-10.94206586,6.93883254,-10.94206586,267.70839894,12.89631837,6.93883254,12.89631837,221.60215682,10.26063354,0.85270928,25.20798893,0.85270928,7.51241238,0.48632385,25.20798893,0.48632385,71.10329869
0.37492355,-0.24514583,0.24819490,0.50640906,-0.49530097,0.49826333,0.49996047,299.24854872,-12.12981390,7.72750774,-12.12981390,265.81830905,13.41070306,7.72750774,13.41070306,218.97127321,10.69645590,1.22396404,26.21319166,1.22396404,7.14626153,1.58926023,26.21319166,1.58926023,73.59270009
0.37459935,-0.23901876,0.24824984,0.50646964,-0.49509338,0.49832321,0.50004502,298.36980284,-13.36908307,8.54408735,-13.36908307,263.87032767,13.90973631,8.54408735,13.90973631,216.35697341,11.13500698,1.61853080,27.17212858,1.61853080,6.75645751,2.72471521,27.17212858,2.72471521,75.81154433
0.37433451,-0.23270604,0.24830178,0.50653266,-0.49488078,0.49838281,0.50013224,297.42814303,-14.65804580,9.38543973,-14.65804580,261.86483675,14.38970663,9.38543973,14.38970663,213.76268905,11.57544407,2.03622832,28.08115498,2.03622832,6.35191750,3.88629257,28.08115498,3.88629257,77.74787893
0.37413174,-0.22621406,0.24835085,0.50659817,-0.49466318,0.49844234,0.50022182,296.42547839,-15.99476102,10.24830497,-15.99476102,259.80224767,14.84683809,10.24830497,14.84683809,211.19151280,12.01679755,2.47664111,28.93697803,2.47664111,5.94265999,5.06737777,28.93697803,5.06737777,79.39395481
0.37399163,-0.21956249,0.24839694,0.50666622,-0.49444062,0.49850200,0.50031347,295.36388919,-17.37719276,11.12933449,-17.37719276,257.68301145,15.27732342,11.12933449,15.27732342,208.64616165,12.45794142,2.93907989,29.73663896,2.93907989,5.53963095,6.26116496,29.73663896,6.26116496,80.74608894
0.37391211,-0.21277019,0.24843976,0.50673683,-0.49421316,0.49856200,0.50040691,294.24559209,-18.80322674,12.02512936,-18.80322674,255.50763398,15.67735810,12.02512936,15.67735810,206.12894763,12.89756448,3.42254110,30.47749499,3.42254110,5.15449103,7.46069261,30.47749499,7.46069261,81.80446268
0.37388878,-0.20585349,0.24847897,0.50681004,-0.49398084,0.49862254,0.50050182,293.07290791,-20.27068490,12.93227687,-20.27068490,253.27669604,16.04317495,12.93227687,16.04317495,203.64175644,13.33414325,3.92566739,31.15720224,3.92566739,4.79936708,8.65888947,31.15720224,8.65888947,82.57286503
0.37391541,-0.19882649,0.24851410,0.50688585,-0.49374375,0.49868384,0.50059791,291.84823214,-21.77733785,13.84738492,-21.77733785,250.99087773,16.37107893,13.84738492,16.37107893,201.18603454,13.76591797,4.44671042,31.77370099,4.44671042,4.48657366,9.84863180,31.77370099,9.84863180,83.05839008
0.37398456,-0.19170145,0.24854467,0.50696427,-0.49350198,0.49874609,0.50069488,290.57400848,-23.32091527,14.76711384,-23.32091527,248.65098663,16.65748186,14.76711384,16.65748186,198.76278496,14.19087282,4.98349800,32.32520386,4.98349800,4.22831192,11.02281214,32.32520386,11.02281214,83.27109749
0.37408809,-0.18448899,0.24857012,0.50704531,-0.49325561,0.49880950,0.50079241,289.25270522,-24.89911452,15.68820537,-24.89911452,246.25798890,16.89893667,15.68820537,16.89893667,196.37257203,14.60672166,5.53340746,32.81018710,5.53340746,4.03635544,12.17441865,32.81018710,12.17441865,83.22364457
0.37421767,-0.17719840,0.24858989,0.50712896,-0.49300477,0.49887425,0.50089021,287.88679459,-26.50960755,16.60750852,-26.50960755,243.81304222,17.09217078,16.60750852,17.09217078,194.01553510,15.01090044,6.09334738,33.22738482,6.09334738,3.92173399,13.29662337,33.22738482,13.29662337,82.93089832
0.37436512,-0.16983778,0.24860339,0.50721518,-0.49274959,0.49894054,0.50098797,286.47873472,-28.15004638,17.52200235,-28.15004638,241.31752952,17.23411830,17.52200235,17.23411830,191.69141086,15.40056735,6.65974937,33.57578546,6.65974937,3.89442777,14.38287692,33.57578546,14.38287692,82.40953600
0.37452262,-0.16241427,0.24861001,0.50730394,-0.49249020,0.49900854,0.50108541,285.03095422,-29.81806753,18.42881522,-29.81806753,238.77309209,17.32195055,18.42881522,17.32195055,189.39956378,15.77261143,7.22857177,33.85462969,7.22857177,3.96308503,15.42700621,33.85462969,15.42700621,81.67764228
0.37468276,-0.15493421,0.24860914,0.50739521,-0.49222676,0.49907843,0.50118224,283.54583894,-31.51129550,19.32524079,-31.51129550,236.18166090,17.35310451,19.32524079,17.35310451,187.13902400,16.12367046,7.79531667,34.06340877,7.79531667,4.13477600,16.42331164,34.06340877,16.42331164,80.75431143
0.37483963,-0.14740321,0.24860015,0.50748893,-0.49195944,0.49915038,0.50127816,282.02572075,-33.22734568,20.20875057,-33.22734568,233.54548477,17.32530875,20.20875057,17.32530875,184.90853138,16.45015832,8.35506120,34.20186218,8.35506120,4.41479528,17.36665984,34.20186218,17.36665984,79.65926260
0.37499129,-0.13982640,0.24858240,0.50758502,-0.49168843,0.49922454,0.50137291,280.47286824,-34.96382688,21.07700310,-34.96382688,230.86715419,17.23660650,21.07700310,17.23660650,182.70658463,16.74830202,8.90250354,34.26997373,8.90250354,4.80652265,18.25256815,34.26997373,18.25256815,78.41247605
0.37513567,-0.13220834,0.24855521,0.50768341,-0.49141392,0.49930106,0.50146621,278.88947874,-36.71834374,21.92784984,-36.71834374,228.14961974,17.08537525,21.92784984,17.08537525,180.53149388,17.01418813,9.43202375,34.26796527,9.43202375,5.31135031,19.07727749,34.26796527,19.07727749,77.03385735
0.37526938,-0.12455309,0.24851791,0.50778402,-0.49113611,0.49938008,0.50155782,277.27767189,-38.48849907,22.75933785,-38.48849907,225.39620424,16.87034282,22.75933785,16.87034282,178.38143519,17.24381801,9.93775865,34.19628766,9.93775865,5.92868098,19.83781080,34.19628766,19.83781080,75.54293617
0.37538777,-0.11686430,0.24846989,0.50788673,-0.49085524,0.49946172,0.50164748,275.63948418,-40.27189643,23.56970956,-40.27189643,222.61060791,16.59059929,23.56970956,16.59059929,176.25450515,17.43317118,10.41368952,34.05560884,10.41368952,6.65599803,20.53201519,34.05560884,20.53201519,73.95860474
0.37548501,-0.10914523,0.24841066,0.50799143,-0.49057154,0.49954610,0.50173496,273.97686457,-42.06614284,24.35739957,-42.06614284,219.79690632,16.24560484,24.35739957,16.24560484,174.14877413,17.57827561,10.85374114,33.84679925,10.85374114,7.48900508,21.15858669,33.84679925,21.15858669,72.29889997
0.37555428,-0.10139887,0.24833983,0.50809800,-0.49028524,0.49963333,0.50182003,272.29167093,-43.86885190,25.12102903,-43.86885190,216.95954074,15.83519319,25.12102903,15.83519319,172.06233633,17.67528374,11.25188977,33.57091540,11.25188977,8.42182908,21.71707771,33.57091540,21.71707771,70.58083163
0.37558798,-0.09362797,0.24825719,0.50820629,-0.48999661,0.49972351,0.50190248,270.58566718,-45.67764715,25.85939760,-45.67764715,214.10330125,15.35957071,25.85939760,15.35957071,169.99335553,17.72055288,11.60227780,33.22918232,11.60227780,9.44727780,22.20788797,33.22918232,22.20788797,68.82025737
0.37557804,-0.08583509,0.24816272,0.50831617,-0.48970592,0.49981670,0.50198212,268.86052114,-47.49016581,26.57147348,-47.49016581,211.23330277,14.81931127,26.57147348,14.81931127,167.94010515,17.71072838,11.89933240,32.82297622,11.89933240,10.55714008,22.63224066,32.82297622,22.63224066,67.03180383
0.37551624,-0.07802271,0.24805661,0.50842747,-0.48941343,0.49991300,0.50205876,267.11780294,-49.30406279,27.25638179,-49.30406279,208.35495453,14.21534709,27.25638179,14.21534709,165.90100179,17.64282811,12.13788550,32.35380856,12.13788550,11.74251567,22.99214602,32.35380856,22.99214602,65.22883129
0.37539457,-0.07019325,0.24793926,0.50854003,-0.48911943,0.50001244,0.50213223,265.35898406,-51.11701509,27.91339159,-51.11701509,205.47392368,13.54895574,27.91339159,13.54895574,163.87463173,17.51432655,12.31329227,31.82331296,12.31329227,12.99416042,23.29035482,31.82331296,23.29035482,63.42343837
0.37520559,-0.06234907,0.24781124,0.50865367,-0.48882422,0.50011509,0.50220237,263.58543685,-52.92672641,28.54190202,-52.92672641,202.59609372,12.82174395,28.54190202,12.82174395,161.85977000,17.32323698,12.42154572,31.23323592,12.42154572,14.30283266,23.53030452,31.23323592,23.53030452,61.62650172
0.37494293,-0.05449663,0.24767340,0.50876821,-0.48852809,0.50022098,0.50226904,261.79843466,-54.73093210,29.14142784,-54.73093210,199.72751851,12.03562843,29.14142784,12.03562843,159.85539199,17.06819001,12.45938473,30.58543261,12.45938473,15.65962701,23.71606029,30.58543261,23.71606029,59.84774495
0.37460218,-0.04665773,0.24752702,0.50888345,-0.48823135,0.50033013,0.50233211,259.99915253,-56.52740430,29.71158482,-56.52740430,196.87437262,11.19281449,29.71158482,11.19281449,157.86067813,16.74850687,12.42439345,29.88186815,12.42439345,17.05628344,23.85225313,29.88186815,23.85225313,58.09583046
0.37418094,-0.03885554,0.24737355,0.50899920,-0.48793430,0.50044255,0.50239147,258.18866848,-58.31395740,30.25207527,-58.31395740,194.04289891,10.29577280,30.25207527,10.29577280,155.87501179,16.36426562,12.31508960,29.12462484,12.31508960,18.48546062,23.94401633,29.12462484,23.94401633,56.37846732
0.37367900,-0.03111032,0.24721449,0.50911525,-0.48763726,0.50055825,0.50244701,256.36796548,-60.08845361,30.76267415,-60.08845361,191.23935391,9.34721502,30.76267415,9.34721502,153.89797148,15.91635837,12.13099990,28.31591519,12.13099990,19.94096490,23.99692114,28.31591519,23.99692114,54.70252846
0.37309854,-0.02343958,0.24705136,0.50923140,-0.48734055,0.50067721,0.50249866,254.53793420,-61.84880883,31.24321607,-61.84880883,188.46995193,8.35006876,31.24321607,8.35006876,151.92931806,15.40653760,11.87272043,27.45810018,11.87272043,21.41792792,24.01691168,27.45810018,24.01691168,53.07417030
0.37244415,-0.01585826,0.24688559,0.50934743,-0.48704447,0.50079941,0.50254634,252.69937646,-63.59299866,31.69358334,-63.59299866,185.74080838,7.30745244,31.69358334,7.30745244,149.96897797,14.83744927,11.54195989,26.55371181,11.54195989,22.91292811,24.01023833,26.55371181,24.01023833,51.49894860
0.37172286,-0.00837886,0.24671852,0.50946313,-0.48674936,0.50092483,0.50258999,250.85300977,-65.31906449,32.11369567,-65.31906449,183.05788330,6.22265032,32.11369567,6.22265032,148.01702355,14.21265063,11.14156393,25.60547867,11.14156393,24.42405291,23.98338855,25.60547867,23.98338855,49.98192454
0.37094403,-0.00101163,0.24655134,0.50957829,-0.48645552,0.50105341,0.50262956,248.99947270,-67.02511972,32.50350134,-67.02511972,180.42692555,5.09908834,32.50350134,5.09908834,146.07365173,13.53661020,10.67551841,24.61635272,10.67551841,25.95090064,23.94301341,24.61635272,23.94301341,48.52775582
0.37011906,0.00623522,0.24638509,0.50969269,-0.48616328,0.50118511,0.50266501,247.13933153,-68.70935588,32.86297040,-68.70935588,177.85341863,3.94031077,32.86297040,3.94031077,144.13916187,12.81468783,10.14892983,23.58953556,10.14892983,27.49452215,23.89584793,23.58953556,23.89584793,47.14076841
0.36926111,0.01335539,0.24622063,0.50980611,-0.48587295,0.50131985,0.50269633,245.27308797,-70.37004873,33.19208980,-70.37004873,175.34252882,2.74995799,33.19208980,2.74995799,142.21393413,12.05309265,9.56798105,22.52850196,9.56798105,29.05730424,23.84862353,22.52850196,23.84862353,45.82500540
0.36838469,0.02034421,0.24605863,0.50991836,-0.48558485,0.50145758,0.50272350,243.40118827,-72.00556405,33.49086069,-72.00556405,172.89905658,1.53174547,33.49086069,1.53174547,140.29840922,11.25881723,8.93986119,21.43701870,8.93986119,30.64279809,23.80797098,21.43701870,23.80797098,44.58425054
0.36750514,0.02719849,0.24589963,0.51002921,-0.48529928,0.50159820,0.50274652,241.52403356,-73.61436312,33.75929775,-73.61436312,170.52739200,0.28944386,33.75929775,0.28944386,138.39307043,10.43954681,8.27266854,20.31915669,8.27266854,32.25549740,23.78031298,20.31915669,23.78031298,43.42202520
0.36663809,0.03391621,0.24574400,0.51013848,-0.48501654,0.50174163,0.50276538,239.64199158,-75.19500775,33.99743080,-75.19500775,168.23147529,-0.97313975,33.99743080,-0.97313975,136.49842882,9.60354337,7.57528676,19.17929439,7.57528676,33.90057252,23.77174602,19.17929439,23.77174602,42.34155878
0.36579887,0.04049636,0.24559198,0.51024595,-0.48473694,0.50188776,0.50278012,237.75540956,-76.74616466,34.20530833,-76.74616466,166.01476315,-2.25217980,34.20530833,-2.25217980,134.61501212,8.75950528,6.85723481,18.02211136,6.85723481,35.58356829,23.78791259,18.02211136,23.78791259,41.34573389
0.36500191,0.04693868,0.24544371,0.51035144,-0.48446076,0.50203649,0.50279075,235.86462836,-78.26660923,34.38300294,-78.26660923,163.88020187,-3.54384937,34.38300294,-3.54384937,132.74335788,7.91640434,6.12849296,16.85257053,6.12849296,37.31007488,23.83386549,16.85257053,23.83386549,40.43700915
0.36426017,0.05324344,0.24529921,0.51045478,-0.48418829,0.50218771,0.50279730,233.96999736,-79.75522846,34.53061856,-79.75522846,161.83020786,-4.84433699,34.53061856,-4.84433699,130.88401117,7.08330377,5.39930780,15.67588894,5.39930780,39.08538239,23.91392752,15.67588894,23.91392752,39.61732367
0.36358459,0.05941126,0.24515845,0.51055578,-0.48391981,0.50234129,0.50279981,232.07189019,-81.21102312,34.64829897,-81.21102312,159.86665617,-6.14986318,34.64829897,-6.14986318,129.03752685,6.26916157,4.67998103,14.49749682,4.67998103,40.91413127,24.03155085,14.49749682,24.03155085,38.88798863
0.36298374,0.06544290,0.24502134,0.51065428,-0.48365557,0.50249711,0.50279831,230.17072060,-82.63310908,34.73623755,-82.63310908,157.99087741,-7.45669705,34.73623755,-7.45669705,127.20447639,5.48262539,3.98064772,13.32298584,3.98064772,42.79997166,24.18918140,13.32298584,24.18918140,38.24957242
0.36246343,0.07133915,0.24488773,0.51075013,-0.48339585,0.50265504,0.50279287,228.26695832,-84.02071787,34.79468767,-84.02071787,156.20366311,-8.76117319,34.79468767,-8.76117319,125.38545881,4.73182588,3.31105083,12.15804764,3.31105083,44.74524528,24.38813439,12.15804764,24.38813439,37.70178668
0.36202667,0.07710069,0.24475748,0.51084319,-0.48314089,0.50281493,0.50278351,226.36114435,-85.37319645,34.82397356,-85.37319645,154.50527941,-10.05970893,34.82397356,-10.05970893,123.58111529,4.02417643,2.68031987,11.00840476,2.68031987,46.75070352,24.62848750,11.00840476,24.62848750,37.24338085
0.36167365,0.08272803,0.24463046,0.51093332,-0.48289093,0.50297664,0.50277031,224.45390520,-86.69000638,34.82450102,-86.69000638,152.89548859,-11.34882208,34.82450102,-11.34882208,121.79214670,3.36618736,2.09676146,9.87973596,2.09676146,48.81527458,24.90899832,9.87973596,24.90899832,36.87205298
0.36140199,0.08822143,0.24450655,0.51102042,-0.48264620,0.50314002,0.50275332,222.54596566,-87.97072243,34.79676774,-87.97072243,151.37357779,-12.62514910,34.79676774,-12.62514910,120.01933314,2.76330289,1.56766995,8.77759894,1.56766995,50.93589118,25.22705195,8.77759894,25.22705195,36.58438400
0.36120714,0.09358098,0.24438570,0.51110437,-0.48240690,0.50330492,0.50273260,220.63815964,-89.21503069,34.74137266,-89.21503069,149.93839385,-13.88546352,34.74137266,-13.88546352,118.26355456,2.21976795,1.09916527,7.70735301,1.09916527,53.10738794,25.57864416,7.70735301,25.57864416,36.37580174
0.36108294,0.09880658,0.24426791,0.51118508,-0.48217325,0.50347118,0.50270821,218.73143864,-90.42272642,34.65902420,-90.42272642,148.58838318,-15.12669447,34.65902420,-15.12669447,116.52581129,1.73853129,0.69606434,6.67408463,0.69606434,55.32247488,25.95840356,6.67408463,25.95840356,36.24057952
0.36102226,0.10389809,0.24415323,0.51126248,-0.48194544,0.50363864,0.50268021,216.82687769,-91.59371147,34.55054677,-91.59371147,147.32163532,-16.34594496,34.55054677,-16.34594496,114.80724355,1.32118931,0.36179054,5.68253846,0.36179054,57.57178989,26.35965517,5.68253846,26.35965517,36.17187246
0.36101771,0.10885546,0.24404177,0.51133649,-0.48172365,0.50380714,0.50264867,214.92567833,-92.72799163,34.41688555,-92.72799163,146.13592877,-17.54050935,34.41688555,-17.54050935,113.10914869,0.96797326,0.09832410,4.73705610,0.09832410,59.84402949,26.77452540,4.73705610,26.77452540,36.16179276
0.36106236,0.11367886,0.24393371,0.51140708,-0.48150804,0.50397651,0.50261366,213.02916877,-93.82567361,34.25910916,-93.82567361,145.02877769,-18.70788987,34.25910916,-18.70788987,111.43299525,0.67778025,-0.09380596,3.84152435,-0.09380596,62.12615361,27.19408670,3.84152435,27.19408670,36.20152293
0.36115037,0.11836892,0.24382922,0.51147419,-0.48129876,0.50414659,0.50257524,211.13880103,-94.88696182,34.07841018,-94.88696182,143.99747827,-19.84581140,34.07841018,-19.84581140,109.78043293,0.44824624,-0.21548985,2.99933410,-0.21548985,64.40365627,27.60853831,2.99933410,27.60853831,36.28146433
0.36127748,0.12292687,0.24372848,0.51153780,-0.48109597,0.50431722,0.50253347,209.25614533,-95.91215488,33.87610338,-95.91215488,143.03915332,-20.95223420,33.87610338,-20.95223420,108.15329776,0.27585734,-0.26896832,2.21335053,-0.26896832,66.66089171,28.00741766,2.21335053,28.00741766,36.39141621
0.36144141,0.12735472,0.24363170,0.51159790,-0.48089979,0.50448821,0.50248843,207.38288179,-96.90164167,33.65362179,-96.90164167,142.15079429,-22.02536423,33.65362179,-22.02536423,106.55361179,0.15609399,-0.25773233,1.48589442,-0.25773233,68.88144264,28.37983598,1.48589442,28.37983598,36.52077946
0.36164195,0.13165537,0.24353903,0.51165449,-0.48071033,0.50465941,0.50244019,205.52078979,-97.85589699,33.41251062,-97.85589699,141.32929985,-23.06366055,33.41251062,-23.06366055,104.98357697,0.08360106,-0.18639741,0.81873408,-0.18639741,71.04851624,28.71473050,0.81873408,28.71473050,36.65877785
0.36188097,0.13583269,0.24345064,0.51170758,-0.48052770,0.50483064,0.50238880,203.67173519,-98.77547667,33.15441909,-98.77547667,140.57151032,-24.06583965,33.15441909,-24.06583965,103.44556297,0.05237645,-0.06055966,0.21308681,-0.06055966,73.14535278,29.00112529,0.21308681,29.00112529,36.79468944
0.36216219,0.13989157,0.24336669,0.51175720,-0.48035198,0.50500174,0.50233434,201.83765586,-99.66101207,32.88109050,-99.66101207,139.87423776,-25.03087659,32.88109050,-25.03087659,101.94208889,0.05597030,0.11335924,-0.33037151,0.11335924,75.15563210,29.22839294,-0.33037151,29.22839294,36.91808029
0.36249077,0.14383781,0.24328733,0.51180337,-0.48018325,0.50517255,0.50227687,200.02054571,-100.51320404,32.59435062,-100.51320404,139.23429157,-25.95800279,32.59435062,-25.95800279,100.47579891,0.08768692,0.32827125,-0.81149016,0.32827125,77.06386379,29.38650933,-0.81149016,29.38650933,37.01903334
0.36287290,0.14767810,0.24321278,0.51184613,-0.48002157,0.50534290,0.50221647,198.22243757,-101.33281619,32.29609460,-101.33281619,138.64849955,-26.84670074,32.29609460,-26.84670074,99.04943229,0.14078256,0.57657893,-1.23062240,0.57657893,78.85574901,29.46629461,-1.23062240,29.46629461,37.08836555
0.36331522,0.15141987,0.24314329,0.51188555,-0.47986699,0.50551263,0.50215320,196.44538518,-102.12066770,31.98827268,-102.12066770,138.11372484,-27.69669564,31.98827268,-27.69669564,97.66578800,0.20865260,0.85032511,-1.58860061,0.85032511,80.51850308,29.45963435,-1.58860061,29.45963435,37.11782758
0.36382437,0.15507115,0.24307921,0.51192167,-0.47971955,0.50568159,0.50208713,194.69144451,-102.87762560,31.67287490,-102.87762560,137.62687904,-28.50794429,31.67287490,-28.50794429,96.32768456,0.28500302,1.14133120,-1.88670937,1.14133120,82.04113060,29.35967566,-1.88670937,29.35967566,37.10028090
0.36440644,0.15864040,0.24302093,0.51195457,-0.47957926,0.50584963,0.50201833,192.96265457,-103.60459681,31.35191493,-103.60459681,137.18493202,-29.28062159,31.35191493,-29.28062159,95.03791582,0.36400237,1.44132161,-2.12665711,1.44132161,83.41464648,29.16099403,-2.12665711,29.16099403,37.02984857
0.36506671,0.16213639,0.24296892,0.51198432,-0.47944613,0.50601660,0.50194687,191.26101798,-104.30251998,31.02741336,-104.30251998,136.78491902,-30.01510502,31.02741336,-30.01510502,93.79920344,0.44041124,1.74203290,-2.31054721,1.74203290,84.63223848,28.85972752,-2.31054721,28.85972752,36.90203638
0.36580930,0.16556807,0.24292370,0.51201099,-0.47932017,0.50618237,0.50187282,189.58848125,-104.97235741,30.70138047,-104.97235741,136.42394570,-30.71195730,30.70138047,-30.71195730,92.61414698,0.50968784,2.03530785,-2.44084886,2.03530785,85.68936842,28.45367581,-2.44084886,28.45367581,36.71382245
0.36663710,0.16894453,0.24288576,0.51203468,-0.47920135,0.50634679,0.50179626,187.94691515,-105.61508716,30.37579877,-105.61508716,136.09919170,-31.37190790,30.37579877,-31.37190790,91.48517271,0.56806874,2.31317521,-2.52036736,2.31317521,86.58381066,27.94236189,-2.52036736,27.94236189,36.46371347
0.36755177,0.17227492,0.24285556,0.51205545,-0.47908965,0.50650975,0.50171725,186.33809509,-106.23169571,30.05260551,-106.23169571,135.80791338,-31.99583345,30.05260551,-31.99583345,90.41448222,0.61262515,2.56791713,-2.55221384,2.56791713,87.31562798,27.32705519,-2.55221384,27.32705519,36.15176695
0.36855385,0.17556853,0.24283348,0.51207340,-0.47898502,0.50667112,0.50163588,184.76368188,-106.82317114,29.73367515,-106.82317114,135.54744636,-32.58473761,29.73367515,-32.58473761,89.40400212,0.64129539,2.79212655,-2.53977349,2.79212655,87.88708578,26.61075519,-2.53977349,26.61075519,35.77957893
0.36964294,0.17883480,0.24281972,0.51208862,-0.47888742,0.50683080,0.50155221,183.22520291,-107.39049720,29.42080234,-107.39049720,135.31520835,-33.13973050,29.42080234,-33.13973050,88.45533622,0.65289483,2.97875715,-2.48667186,2.97875715,88.30250674,25.79813508,-2.48667186,25.79813508,35.35023741
0.37081798,0.18208353,0.24281435,0.51210120,-0.47879677,0.50698869,0.50146633,181.72403409,-107.93464834,29.11568522,-107.93464834,135.10870261,-33.66200816,29.11568522,-33.66200816,87.56972156,0.64710499,3.12116842,-2.39673815,3.12116842,88.56806921,24.89544577,-2.39673815,24.89544577,34.86824209
0.37207750,0.18532496,0.24281722,0.51211122,-0.47871301,0.50714470,0.50137831,180.26138283,-108.45658575,28.81990962,-108.45658575,134.92552260,-34.15283208,28.81990962,-34.15283208,86.74798975,0.62444376,3.21316827,-2.27396494,3.21316827,88.69155341,23.91038125,-2.27396494,23.91038125,34.33939179
0.37341985,0.18857003,0.24282800,0.51211876,-0.47863604,0.50729875,0.50128823,178.83827223,-108.95725453,28.53493420,-108.95725453,134.76335778,-34.61350917,28.53493420,-34.61350917,85.99053492,0.58621879,3.24905485,-2.12246380,3.24905485,88.68204136,22.85190721,-2.12246380,22.85190721,33.77064153
0.37484330,0.19183052,0.24284619,0.51212393,-0.47856577,0.50745078,0.50119616,177.45552705,-109.43758202,28.26207692,-109.43758202,134.62000075,-35.04537238,28.26207692,-35.04537238,85.29728981,0.53446650,3.22365898,-1.94641635,3.22365898,88.54957732,21.73005589,-1.94641635,21.73005589,33.16993200
0.37634613,0.19511929,0.24287117,0.51212678,-0.47850210,0.50760072,0.50110219,176.11376152,-109.89847717,28.00250303,-109.89847717,134.49335563,-35.44976212,28.00250303,-35.44976212,84.66771092,0.47187922,3.13238770,-1.75002093,3.13238770,88.30479761,20.55569158,-1.75002093,20.55569158,32.54599536
0.37792650,0.19845034,0.24290224,0.51212740,-0.47844490,0.50774854,0.50100640,174.81336952,-110.34083094,27.75721492,-110.34083094,134.38144745,-35.82800891,27.75721492,-35.82800891,84.10077377,0.40172317,2.97126868,-1.53743526,2.97126868,87.95854004,19.34025233,-1.53743526,19.34025233,31.90814204
0.37958224,0.20183892,0.24293868,0.51212587,-0.47839405,0.50789421,0.50090887,173.55451731,-110.76551753,27.52704411,-110.76551753,134.28243211,-36.18141728,27.52704411,-36.18141728,83.59497887,0.32775011,2.73699472,-1.31271585,2.73699472,87.52144476,18.09547488,-1.31271585,18.09547488,31.26603423
0.38131049,0.20530147,0.24297980,0.51212224,-0.47834942,0.50803771,0.50080967,172.33713907,-111.17339643,27.31264553,-111.17339643,134.19460659,-36.51125143,27.31264553,-36.51125143,83.14836871,0.25410584,2.42696678,-1.07975543,2.42696678,87.00355983,16.83311115,-1.07975543,16.83311115,30.62945294
0.38310725,0.20885555,0.24302500,0.51211658,-0.47831087,0.50817903,0.50070889,171.16093531,-111.56531485,27.11449432,-111.56531485,134.11641857,-36.81872287,27.11449432,-36.81872287,82.75855555,0.18523843,2.03933388,-0.84222000,2.03933388,86.41396536,15.56464547,-0.84222000,15.56464547,30.00806571
0.38498188,0.21250357,0.24307376,0.51210895,-0.47827824,0.50831819,0.50060660,170.02537443,-111.94211064,26.93288525,-111.94211064,134.04647505,-37.10498014,26.93288525,-37.10498014,82.42275948,0.12580962,1.57302760,-0.60348713,1.57302760,85.76043089,14.30102253,-0.60348713,14.30102253,29.41120283
0.38695765,0.21623387,0.24312569,0.51209939,-0.47825139,0.50845520,0.50050287,168.92969712,-112.30461525,26.76793484,-112.30461525,133.98354919,-37.37110120,26.76793484,-37.37110120,82.13785585,0.08061205,1.02778928,-0.36658760,1.02778928,85.04911971,13.05239590,-0.36658760,13.05239590,28.84764991
0.38905603,0.22003870,0.24318053,0.51208795,-0.47823014,0.50859012,0.50039779,167.87292365,-112.65365668,26.61958600,-112.65365668,133.92658475,-37.61808828,26.61958600,-37.61808828,81.90043050,0.05449544,0.40418813,-0.13415209,0.40418813,84.28435313,11.82790684,-0.13415209,11.82790684,28.32546391
0.39129551,0.22391485,0.24323811,0.51207467,-0.47821434,0.50872299,0.50029142,166.85386372,-112.99006227,26.48761522,-112.99006227,133.87469754,-37.84686570,26.48761522,-37.84686570,81.70684127,0.05230398,-0.29637100,0.09163509,-0.29637100,83.46844562,10.63550183,0.09163509,10.63550183,27.85181920
0.39369067,0.22786372,0.24329833,0.51205957,-0.47820381,0.50885387,0.50018382,165.87112853,-113.31466114,26.37164193,-113.31466114,133.82717360,-38.05828035,26.37164193,-38.05828035,81.55328361,0.07882691,-1.07165098,0.30907396,-1.07165098,82.60161881,9.48179592,0.30907396,9.48179592,27.43288882
0.39625137,0.23189137,0.24336115,0.51204269,-0.47819837,0.50898285,0.50007506,164.92314476,-113.62828630,26.27113975,-113.62828630,133.78346354,-38.25310508,26.27113975,-38.25310508,81.43585827,0.13876362,-1.91859651,0.51697738,-1.91859651,81.68199972,8.37198666,0.51697738,8.37198666,27.07376429
0.39898189,0.23600831,0.24342655,0.51202404,-0.47819784,0.50911001,0.49996521,164.00816984,-113.93177625,26.18544925,-113.93177625,133.74317321,-38.43204454,26.18544925,-38.43204454,81.35063876,0.23670382,-2.83335834,0.71468941,-2.83335834,80.70570434,7.30982136,0.71468941,7.30982136,26.77841579
0.40188038,0.24022907,0.24349453,0.51200364,-0.47820205,0.50923546,0.49985430,163.12430823,-114.22597630,26.11379178,-114.22597630,133.70605061,-38.59574345,26.11379178,-38.59574345,81.29373653,0.37712274,-3.81132576,0.90209347,-3.81132576,79.66700463,6.29761767,0.90209347,6.29761767,26.54969204
0.40493840,0.24457150,0.24356509,0.51198150,-0.47821081,0.50935931,0.49974240,162.26952811,-114.51173942,26.05528385,-114.51173942,133.67196926,-38.74479681,26.05528385,-38.74479681,81.26136178,0.56439029,-4.84716519,1.07961069,-4.84716519,78.55857311,5.33633508,1.07961069,5.33633508,26.38935794
0.40814079,0.24905594,0.24363822,0.51195761,-0.47822393,0.50948170,0.49962954,161.44167802,-114.78992690,26.00895173,-114.78992690,133.64090859,-38.87976162,26.00895173,-38.87976162,81.24987823,0.80279266,-5.93486229,1.24818907,-5.93486229,77.37179639,4.42569269,1.24818907,4.42569269,26.29816554
0.41146584,0.25370407,0.24371394,0.51193199,-0.47824123,0.50960275,0.49951576,160.63850323,-115.06140874,25.97374555,-115.06140874,133.61293167,-39.00116969,25.97374555,-39.00116969,81.25585051,1.09656395,-7.06776463,1.40928468,-7.06776463,76.09714617,3.56432661,1.40928468,3.56432661,26.27595319
0.41488575,0.25853779,0.24379225,0.51190464,-0.47826253,0.50972263,0.49940109,159.85766130,-115.32706397,25.94855285,-115.32706397,133.58816118,-39.10954103,25.94855285,-39.10954103,81.27608303,1.44992506,-8.23862245,1.56483607,-8.23862245,74.72459468,2.74997910,1.56483607,2.74997910,26.32176608
0.41836748,0.26357794,0.24387320,0.51187553,-0.47828763,0.50984147,0.49928554,159.09673682,-115.58778100,25.93221095,-115.58778100,133.56675405,-39.20539724,25.93221095,-39.20539724,81.30764975,1.86712645,-9.43962520,1.71723328,-9.43962520,73.24406017,1.97971036,1.71723328,1.97971036,26.43399131
0.42187238,0.26884110,0.24395684,0.51184468,-0.47831637,0.50995946,0.49916914,158.35325502,-115.84445786,25.92351806,-115.84445786,133.54887577,-39.28927455,25.92351806,-39.28927455,81.34791473,2.35249133,-10.66243231,1.86928265,-10.66243231,71.64586780,1.25012376,1.86928265,1.25012376,26.61049993
0.42535350,0.27433205,0.24404309,0.51181206,-0.47834856,0.51007675,0.49905188,157.62469431,-116.09800256,25.92124289,-116.09800256,133.53467493,-39.36173595,25.92124289,-39.36173595,81.39454340,2.91045539,-11.89819753,2.02416841,-11.89819753,69.92121121,0.55759523,2.02416841,0.55759523,26.84878925
0.42876314,0.28005123,0.24413188,0.51177767,-0.47838403,0.51019353,0.49893376,156.90849783,-116.34933343,25.92413279,-116.34933343,133.52425877,-39.42338210,25.92413279,-39.42338210,81.44550522,3.54559941,-13.13758724,2.18541191,-13.13758724,68.06260100,-0.10150196,2.18541191,-0.10150196,27.14611871
0.43205656,0.28599741,0.24422319,0.51174150,-0.47842259,0.51030998,0.49881478,156.20208407,-116.59937929,25.93092034,-116.59937929,133.51767043,-39.47486069,25.93092034,-39.47486069,81.49906831,4.26267111,-14.37079427,2.35682866,-14.37079427,66.06428680,-0.73058483,2.35682866,-0.73058483,27.49963387
0.43519277,0.29216659,0.24431701,0.51170354,-0.47846409,0.51042628,0.49869491,155.50285685,-116.84907943,25.94032858,-116.84907943,133.51486855,-39.51687393,25.94032858,-39.51687393,81.55378706,5.06659261,-15.58754968,2.54248324,-15.58754968,63.92264122,-1.33266786,2.54248324,-1.33266786,27.90647392
0.43813533,0.29855140,0.24441325,0.51166378,-0.47850836,0.51054262,0.49857412,154.80821491,-117.09938304,25.95107515,-117.09938304,133.51570969,-39.55018409,25.95107515,-39.55018409,81.60848386,5.96245053,-16.77713626,2.74664160,-16.77713626,61.63649464,-1.91019531,2.74664160,-1.91019531,28.36385932
0.44085295,0.30514105,0.24451177,0.51162221,-0.47855525,0.51065920,0.49845238,154.11556148,-117.35124806,25.96187545,-117.35124806,133.51993420,-39.57561674,25.96187545,-39.57561674,81.66222601,6.95546581,-17.92840807,2.97371999,-17.92840807,59.20741125,-2.46490353,2.97371999,-2.46490353,28.86915699
0.44331994,0.31192158,0.24461231,0.51157884,-0.47860459,0.51077619,0.49832963,153.42231413,-117.60563899,25.97144525,-117.60563899,133.52715599,-39.59406183,25.97144525,-39.59406183,81.71429914,8.05094114,-19.02982102,3.22822957,-19.02982102,56.63989764,-2.99771669,3.22822957,-2.99771669,29.41992215
0.44551639,0.31887651,0.24471449,0.51153364,-0.47865626,0.51089380,0.49820583,152.72591530,-117.86352347,25.97850314,-117.86352347,133.53685650,-39.60647233,25.97850314,-39.60647233,81.76417832,9.25418440,-20.06947966,3.51471553,-20.06947966,53.94153645,-3.50867855,3.51471553,-3.50867855,30.01391611
0.44742806,0.32598755,0.24481779,0.51148664,-0.47871010,0.51101220,0.49808091,152.02384377,-118.12586735,25.98177304,-118.12586735,133.54838335,-39.61386053,25.98177304,-39.61386053,81.81149799,10.57040727,-21.03520531,3.83768977,-21.03520531,51.12303873,-3.99692172,3.83768977,-3.99692172,30.64910101
0.44904598,0.33323549,0.24492158,0.51143783,-0.47876599,0.51113157,0.49795480,151.31362749,-118.39362811,25.97998725,-118.39362811,133.56095380,-39.61729188,25.97998725,-39.61729188,81.85602180,12.00459923,-21.91462991,4.20155621,-21.91462991,48.19821000,-4.46067493,4.20155621,-4.46067493,31.32361254
0.45036585,0.34060086,0.24502510,0.51138723,-0.47882381,0.51125211,0.49782743,150.59285788,-118.66774621,25.97189029,-118.66774621,133.57366332,-39.61787664,25.97189029,-39.61787664,81.89761344,13.56137829,-22.69531905,4.61052840,-22.69531905,45.18382662,-4.89730791,4.61052840,-4.89730791,32.03571310
0.45138725,0.34806468,0.24512751,0.51133484,-0.47888343,0.51137397,0.49769871,149.85920572,-118.94913453,25.95624384,-118.94913453,133.58549919,-39.61675908,25.95624384,-39.61675908,81.93620914,15.24482073,-23.36492628,5.06853938,-23.36492628,42.09942145,-5.30341239,5.06853938,-5.30341239,32.78372784
0.45211280,0.35560883,0.24522794,0.51128069,-0.47894475,0.51149733,0.49756855,149.11043882,-119.23866578,25.93183299,-119.23866578,133.59535911,-39.61510472,25.93183299,-39.61510472,81.97179275,17.05827389,-23.91137865,5.57914468,-23.91137865,38.96697970,-5.67491689,5.57914468,-5.67491689,33.56596694
0.45254741,0.36321641,0.24532551,0.51122481,-0.47900767,0.51162234,0.49743686,148.34444117,-119.53715795,25.89747394,-119.53715795,133.60207453,-39.61408549,25.89747394,-39.61408549,82.00437391,19.00415701,-24.32309167,6.14541990,-24.32309167,35.81054955,-6.00723157,6.14541990,-6.00723157,34.38063790
0.45269748,0.37087187,0.24541937,0.51116722,-0.47907210,0.51174915,0.49730353,147.55923352,-119.84535819,25.85202310,-119.84535819,133.60443832,-39.61486330,25.85202310,-39.61486330,82.03396975,21.08375688,-24.58920912,6.76985529,-24.58920912,32.65577505,-6.29541863,6.76985529,-6.29541863,35.22575183
0.45257040,0.37856105,0.24550874,0.51110795,-0.47913796,0.51187792,0.49716846,146.75299491,-120.16392537,25.79438771,-120.16392537,133.60123602,-39.61857221,25.79438771,-39.61857221,82.06059041,23.29702580,-24.69986123,7.45425045,-24.69986123,29.52936262,-6.53438238,7.45425045,-6.53438238,36.09902811
0.45217407,0.38627110,0.24559297,0.51104706,-0.47920516,0.51200875,0.49703154,145.92408472,-120.49341191,25.72353758,-120.49341191,133.59127982,-39.62629967,25.72353758,-39.62629967,82.08422852,25.64239078,-24.64643192,8.19961305,-24.64643192,26.45849607,-6.71907236,8.19961305,-6.71907236,36.99780212
0.45151676,0.39398881,0.24567155,0.51098458,-0.47927364,0.51214179,0.49689267,145.07106464,-120.83424549,25.63851793,-120.83424549,133.57344441,-39.63906725,25.63851793,-39.63906725,82.10485258,28.11658316,-24.42182455,9.00606589,-24.42182455,23.47021852,-6.84469163,9.00606589,-6.84469163,37.91894038
0.45060776,0.40169494,0.24574404,0.51092056,-0.47934335,0.51227713,0.49675172,144.19271990,-121.18671130,25.53846276,-121.18671130,133.54670316,-39.65781149,25.53846276,-39.65781149,82.12240412,30.71449811,-24.02071377,9.87276705,-24.02071377,20.59080235,-6.90690222,9.87276705,-6.90690222,38.85876780
0.44945721,0.40936958,0.24581021,0.51085507,-0.47941422,0.51241488,0.49660859,143.28807892,-121.55093574,25.42260844,-121.55093574,133.51016366,-39.68336534,25.42260844,-39.68336534,82.13679817,33.42909297,-23.43977065,10.79784790,-23.43977065,17.84513026,-6.90201920,10.79784790,-6.90201920,39.81301078
0.44807601,0.41699473,0.24587000,0.51078816,-0.47948622,0.51255512,0.49646316,142.35643076,-121.92687208,25.29030699,-121.92687208,133.46310093,-39.71644086,25.29030699,-39.71644086,82.14792680,36.25133234,-22.67784868,11.77837312,-22.67784868,15.25611115,-6.82718499,11.77837312,-6.82718499,40.77676007
0.44647576,0.42455409,0.24592355,0.51071990,-0.47955931,0.51269793,0.49631531,141.39733954,-122.31428906,25.14103857,-122.31428906,133.40498720,-39.75761377,25.14103857,-39.75761377,82.15566494,39.17018624,-21.73611887,12.81032669,-21.73611887,12.84415400,-6.68051660,12.81032669,-6.68051660,41.74445587
0.44466885,0.43203292,0.24597116,0.51065036,-0.47963346,0.51284335,0.49616494,140.41065533,-122.71276280,24.97442265,-122.71276280,133.33551685,-39.80731036,24.97442265,-39.80731036,82.15987805,42.17268531,-20.61814479,13.88862633,-20.61814479,10.62672067,-6.46121902,13.88862633,-6.46121902,42.70989713
0.44266842,0.43941795,0.24601322,0.51057961,-0.47970865,0.51299146,0.49601193,139.39652070,-123.12167274,24.79022743,-123.12167274,133.25462545,-39.86579729,24.79022743,-39.86579729,82.16043084,45.24403471,-19.32989080,15.00716799,-19.32989080,8.61797533,-6.16966014,15.00716799,-6.16966014,43.66627602
0.44048835,0.44669726,0.24605020,0.51050773,-0.47978487,0.51314227,0.49585617,138.35537294,-123.54020170,24.58837697,-123.54020170,133.16250216,-39.93317457,24.58837697,-39.93317457,82.15719633,48.36778529,-17.87966017,16.15890028,-17.87966017,6.82854303,-5.80740403,16.15890028,-5.80740403,44.60623700
0.43814317,0.45386028,0.24608260,0.51043481,-0.47986211,0.51329581,0.49569756,137.28794137,-123.96734034,24.36895588,-123.96734034,133.05959479,-40.00937221,24.36895588,-40.00937221,82.15006464,51.52605789,-16.27796362,17.33592758,-16.27796362,5.26538500,-5.37720189,17.33592758,-5.37720189,45.52195938
0.43564797,0.46089769,0.24611089,0.51036093,-0.47994035,0.51345209,0.49553600,136.19523996,-124.40189581,24.13221127,-124.40189581,132.94660738,-40.09415036,24.13221127,-40.09415036,82.13895090,54.69981408,-14.53732244,18.52963874,-14.53732244,3.93179181,-4.88294176,18.52963874,-4.88294176,46.40526074
0.43301816,0.46780152,0.24613550,0.51028617,-0.48001962,0.51361111,0.49537138,135.07855528,-124.84250444,23.87855173,-124.84250444,132.82449037,-40.18710322,23.87855173,-40.18710322,82.12380157,57.86916415,-12.67201387,19.73085740,-12.67201387,2.82748980,-4.32956057,19.73085740,-4.32956057,47.24771800
0.43026936,0.47456507,0.24615675,0.51021063,-0.48009992,0.51377286,0.49520363,133.93943007,-125.28764790,23.60854351,-125.28764790,132.69442369,-40.28766648,23.60854351,-40.28766648,82.10459887,61.01370183,-10.69776922,20.93000863,-10.69776922,1.94885059,-3.72292337,20.93000863,-3.72292337,48.04080222
0.42741711,0.48118299,0.24617489,0.51013439,-0.48018126,0.51393730,0.49503264,132.77964276,-125.73567247,23.32290381,-125.73567247,132.55779342,-40.39512802,23.32290381,-40.39512802,82.08136291,64.11285387,-8.63143758,22.11729631,-8.63143758,1.28918905,-3.06967650,22.11729631,-3.06967650,48.77602266
0.42447667,0.48765121,0.24619002,0.51005755,-0.48026366,0.51410440,0.49485834,131.60118253,-126.18481101,23.02249123,-126.18481101,132.41616279,-40.50864179,23.02249123,-40.50864179,82.05415118,67.14623274,-6.49062899,23.28288494,-6.49062899,0.83913140,-2.37708183,23.28288494,-2.37708183,49.44507566
0.42146279,0.49396689,0.24620216,0.50998020,-0.48034715,0.51427411,0.49468066,130.40621507,-126.63320883,22.70829202,-126.63320883,132.27123774,-40.62724477,22.70829202,-40.62724477,82.02305490,70.09398084,-4.29335139,24.41708008,-4.29335139,0.58703360,-1.65284019,24.41708008,-1.65284019,50.03999384
0.41838957,0.50012839,0.24621124,0.50990244,-0.48043175,0.51444637,0.49449952,129.19697595,-127.07897526,22.38138502,-127.07897526,132.12482032,-40.74988300,22.38138502,-40.74988300,81.98818750,72.93709598,-2.05765495,25.51050177,-2.05765495,0.51942884,-0.90491120,25.51050177,-0.90491120,50.55329149
0.41527025,0.50613510,0.24621709,0.50982435,-0.48051749,0.51462111,0.49431487,127.97465031,-127.52060156,22.04263597,-127.52060156,131.97862752,-40.87553657,22.04263597,-40.87553657,81.94959924,75.65772920,0.19870381,26.55424614,0.19870381,0.62148428,-0.14133710,26.55424614,-0.14133710,50.97810246
0.41211713,0.51198732,0.24621951,0.50974603,-0.48060441,0.51479825,0.49412665,190.05832567,-106.11493056,39.44808777,-106.11493056,139.36874662,-34.87848393,39.44808777,-34.87848393,86.88611383,78.23944819,2.45856805,27.54003118,2.45856805,0.87744853,0.62992369,27.54003118,0.62992369,51.30830736
0.40894150,0.51768605,0.24621829,0.50966758,-0.48069255,0.51497771,0.49393481,188.88529849,-106.51889902,39.10854135,-106.51889902,139.23681630,-34.99997777,39.10854135,-34.99997777,86.84583469,80.66746127,4.70564862,28.46032379,4.70564862,1.27107417,1.40114802,28.46032379,1.40114802,51.53864760
0.40575357,0.52323281,0.24621322,0.50958908,-0.48078194,0.51515938,0.49373931,187.70853086,-106.91226757,38.76162062,-106.91226757,139.11094595,-35.12065181,38.76162062,-35.12065181,86.80237918,82.92879942,6.92474893,29.30844611,6.92474893,1.78600284,2.16498083,29.30844611,2.16498083,51.66482428
0.40256250,0.52862953,0.24620415,0.50951063,-0.48087263,0.51534317,0.49354012,186.53070878,-107.29312299,38.40877351,-107.29312299,138.99288314,-35.23926086,38.40877351,-35.23926086,86.75585194,85.01245494,9.10194376,30.07866011,9.10194376,2.40610365,2.91454717,30.07866011,2.91454717,51.68358036
0.39937651,0.53387843,0.24619100,0.50943231,-0.48096465,0.51552897,0.49333721,185.35450026,-107.65961747,38.05146346,-107.65961747,138.88424411,-35.35458927,38.05146346,-35.35458927,86.70631147,86.90947783,11.22471159,30.76623030,11.22471159,3.11575956,3.64354198,30.76623030,3.64354198,51.59276525
0.39620287,0.53898190,0.24617379,0.50935422,-0.48105807,0.51571666,0.49313056,184.18252832,-108.00998612,37.69115219,-108.00998612,138.78647872,-35.46547192,37.69115219,-35.46547192,86.65375446,88.61303125,13.28202191,31.36746506,13.28202191,3.90009893,4.34629801,31.36746506,4.34629801,51.39138085
0.39304799,0.54394241,0.24615263,0.50927643,-0.48115291,0.51590612,0.49292015,183.01734563,-108.34256273,37.32928299,-108.34256273,138.70083844,-35.57081419,37.32928299,-35.57081419,86.59810058,90.11840914,15.26438071,31.87973745,15.26438071,4.74517282,5.01783258,31.87973745,5.01783258,51.07960869
0.38991750,0.54876243,0.24612777,0.50919904,-0.48124923,0.51609722,0.49270598,181.86141073,-108.65579396,36.96726490,-108.65579396,138.62834772,-35.66961064,36.96726490,-35.66961064,86.53917825,91.42301895,17.16383849,32.30148696,17.16383849,5.63808050,5.65387475,32.30148696,5.65387475,50.65881777
0.38681631,0.55344434,0.24609959,0.50912211,-0.48134707,0.51628985,0.49248804,180.71706618,-108.94825199,36.60645791,-108.94825199,138.56977928,-35.76096213,36.60645791,-35.76096213,86.47671203,92.52633306,18.97396567,32.63220359,18.97396567,6.56704759,6.25087519,32.63220359,6.25087519,50.13155276
0.38374865,0.55799043,0.24606858,0.50904573,-0.48144648,0.51648386,0.49226634,179.58651858,-109.21864543,36.24815935,-109.21864543,138.52563365,-35.84409095,36.24815935,-35.84409095,86.41031204,93.42981222,20.68980096,32.87239582,20.68980096,7.52146237,6.80600086,32.87239582,6.80600086,49.50150254
0.38071817,0.56240285,0.24603532,0.50896998,-0.48154751,0.51667912,0.49204090,178.47182079,-109.46582884,35.89359167,-109.46582884,138.49612340,-35.91835401,35.89359167,-35.91835401,86.33946604,94.13680437,22.30777794,33.02354401,22.30777794,8.49187638,7.31711698,33.02354401,7.31711698,48.77344899
0.37772801,0.56668365,0.24600047,0.50889492,-0.48165020,0.51687550,0.49181171,177.37485641,-109.68881049,35.54389165,-109.68881049,138.48116257,-35.98325347,35.54389165,-35.98325347,86.26353455,94.65242174,23.82563505,33.08804080,23.82563505,9.46997598,7.78275865,33.08804080,7.78275865,47.95319644
0.37478085,0.57083476,0.24596476,0.50882063,-0.48175459,0.51707286,0.49157882,176.29732663,-109.88675857,35.20010131,-109.88675857,138.48036138,-36.03844482,35.20010131,-36.03844482,86.18174932,94.98339913,25.24231360,33.06911984,25.24231360,10.44853111,8.20209428,33.06911984,8.20209428,47.04748225
0.37187899,0.57485806,0.24592892,0.50874717,-0.48186074,0.51727107,0.49134223,175.24073979,-110.05900553,34.86316043,-110.05900553,138.49302679,-36.08374210,34.86316043,-36.08374210,86.09321557,95.13793595,26.55784806,32.97077453,26.55784806,11.42132737,8.57488266,32.97077453,8.57488266,46.06386975
0.36902441,0.57875544,0.24589364,0.50867460,-0.48196869,0.51746998,0.49110197,174.20640350,-110.20505073,34.53390098,-110.20505073,138.51816903,-36.11911998,34.53390098,-36.11911998,85.99691795,95.12552447,27.77325194,32.79766794,27.77325194,12.38308686,8.90142546,32.79766794,8.90142546,45.01062496
0.36621885,0.58252881,0.24585960,0.50860299,-0.48207847,0.51766947,0.49085809,173.19541967,-110.32456104,34.21304335,-110.32456104,138.55451411,-36.14471278,34.21304335,-36.14471278,85.89173043,94.95676698,28.89040231,32.55503583,28.89040231,13.32938260,9.18251649,32.55503583,9.18251649,43.89657956
0.36346385,0.58618018,0.24582734,0.50853240,-0.48219013,0.51786940,0.49061061,172.20868239,-110.41736947,33.90119447,-110.41736947,138.60052233,-36.16081019,33.90119447,-36.16081019,85.77642984,94.64318442,29.91192522,32.24858421,29.91192522,14.25655056,9.41938888,32.24858421,9.41938888,42.73098276
0.36076078,0.58971171,0.24579732,0.50846287,-0.48230370,0.51806963,0.49035958,171.24687879,-110.48347171,33.59884777,-110.48347171,138.65441259,-36.16784984,33.59884777,-36.16784984,85.64971275,94.19701947,30.84108383,31.88438338,30.84108383,15.16160262,9.61366107,31.88438338,9.61366107,41.52334578
0.35811093,0.59312573,0.24576987,0.50839446,-0.48241923,0.51827003,0.49010503,170.31049261,-110.52302061,33.30638498,-110.52302061,138.71419192,-36.16640683,33.30638498,-36.16640683,85.51021545,93.63103724,31.68167062,31.46876057,31.68167062,16.04214308,9.76728253,31.46876057,9.76728253,40.28328271
0.35551546,0.59642476,0.24574517,0.50832722,-0.48253674,0.51847048,0.48984701,169.39981070,-110.53631860,33.02407953,-110.53631860,138.77768973,-36.15718045,33.02407953,-36.15718045,85.35653620,92.95832687,32.43790476,31.00819298,32.43790476,16.89629042,9.88247967,31.00819298,9.88247967,39.02035236
0.35297549,0.59961153,0.24572326,0.50826119,-0.48265627,0.51867085,0.48958557,168.51493188,-110.52380818,32.75210162,-110.52380818,138.84259582,-36.14097844,32.75210162,-36.14097844,85.18725923,92.19210771,33.11433527,30.50920384,33.11433527,17.72260585,9.96170268,30.50920384,9.96170268,37.74390533
0.35049203,0.60268899,0.24570409,0.50819642,-0.48277785,0.51887103,0.48932075,167.65577827,-110.48606069,32.49052450,-110.48606069,138.90650132,-36.11869925,32.49052450,-36.11869925,85.00097957,91.34554358,33.71575069,29.97826327,33.71575069,18.52002907,10.00757379,29.97826327,10.00757379,36.46294102
0.34806598,0.60566022,0.24568747,0.50813295,-0.48290151,0.51907088,0.48905261,166.82210846,-110.42376347,32.23933198,-110.42376347,138.96694119,-36.09131281,32.23933198,-36.09131281,84.79632812,90.43156870,34.24709565,29.42169626,34.24709565,19.28782179,10.02283738,29.42169626,10.02283738,35.18597842
0.34569812,0.60852845,0.24567315,0.50807081,-0.48302727,0.51927030,0.48878120,166.01353231,-110.33770594,31.99842675,-110.33770594,139.02143725,-36.05984042,31.99842675,-36.05984042,84.57199583,89.46272857,34.71339449,28.84559952,34.71339449,20.02551867,10.01031264,28.84559952,10.01031264,33.92094427
0.34338906,0.61129699,0.24566084,0.50801005,-0.48315516,0.51946917,0.48850657,165.22952697,-110.22876466,31.76763939,-110.22876466,139.06754044,-36.02533424,31.76763939,-36.02533424,84.32675650,88.45103858,35.11968238,28.25576883,35.11968238,20.73288545,9.97284902,28.25576883,9.97284902,32.67508145
0.34113918,0.61396915,0.24565021,0.50795069,-0.48328519,0.51966738,0.48822877,164.46945362,-110.09788795,31.54673771,-110.09788795,139.10287108,-35.98885717,31.54673771,-35.98885717,84.05948720,87.40786269,35.47094397,27.65763797,35.47094397,21.40988354,9.91328512,27.65763797,9.91328512,31.45487917
0.33894864,0.61654821,0.24564096,0.50789276,-0.48341739,0.51986484,0.48794786,163.73257457,-109.94608036,31.33543616,-109.94608036,139.12515609,-35.95146357,31.33543616,-35.95146357,83.76918608,86.34381379,35.77205965,27.05623013,35.77205965,22.05664050,9.83441140,27.05623013,9.83441140,30.26602595
0.33681732,0.61903737,0.24563282,0.50783630,-0.48355177,0.52006145,0.48766389,163.01807025,-109.77438731,31.13340525,-109.77438731,139.13226213,-35.91418131,31.13340525,-35.91418131,83.45498668,85.26867654,36.02775951,26.45612187,36.02775951,22.67342542,9.73893706,26.45612187,9.73893706,29.11338514
0.33474484,0.62143969,0.24562553,0.50778132,-0.48368835,0.52025710,0.48737692,162.32505586,-109.58388041,30.94028046,-109.58388041,139.12222399,-35.87799575,30.94028046,-35.87799575,83.11616887,84.19135281,36.24258479,25.86141975,36.24258479,23.26062855,9.62946134,25.86141975,9.62946134,28.00099188
0.33273053,0.62375804,0.24561892,0.50772786,-0.48382713,0.52045171,0.48708700,161.65259715,-109.37564349,30.75567080,-109.37564349,139.09326766,-35.84383578,30.75567080,-35.84383578,82.75216598,83.11982906,36.42085674,25.27574879,36.42085674,23.81874429,9.50844949,25.27574879,9.50844949,26.93206956
0.33077347,0.62599515,0.24561285,0.50767593,-0.48396813,0.52064518,0.48679420,160.99972527,-109.15075993,30.57916670,-109.15075993,139.04382770,-35.81256229,30.57916670,-35.81256229,82.36256824,82.06116432,36.56665259,24.70225190,36.56665259,24.34835688,9.37821354,24.70225190,9.37821354,25.90906323
0.32887251,0.62815353,0.24560724,0.50762556,-0.48411134,0.52083744,0.48649856,160.36545036,-108.91030115,30.41034706,-108.91030115,138.97255903,-35.78495922,30.41034706,-35.78495922,81.94712274,81.02149695,36.68378815,24.14359916,36.68378815,24.85012818,9.24089761,24.14359916,9.24089761,24.93368703
0.32702634,0.63023555,0.24560204,0.50757677,-0.48425679,0.52102841,0.48620014,159.74877382,-108.65531664,30.24878567,-108.65531664,138.87834303,-35.76172700,30.24878567,-35.76172700,81.50573012,80.00606775,36.77580676,23.60200531,36.77580676,25.32478690,9.09846789,23.60200531,9.09846789,24.00698247
0.32523348,0.63224336,0.24559725,0.50752957,-0.48440446,0.52121801,0.48589901,159.14869908,-108.38682546,30.09405665,-108.38682546,138.76028847,-35.74347866,30.09405665,-35.74347866,81.03843836,79.01925704,36.84597382,23.07925411,36.84597382,25.77311899,8.95270680,23.07925411,8.95270680,23.12938428
0.32349235,0.63417899,0.24559287,0.50748398,-0.48455435,0.52140616,0.48559520,158.56424094,-108.10580927,29.94573919,-108.10580927,138.61772777,-35.73073802,29.94573919,-35.73073802,80.54543420,78.06463287,36.89727639,22.57672788,36.89727639,26.19595886,8.80521115,22.57672788,8.80521115,22.30079085
0.32180130,0.63604435,0.24558891,0.50744001,-0.48470647,0.52159281,0.48528879,157.99443350,-107.81320687,29.80342136,-107.81320687,138.45020895,-35.72394014,29.80342136,-35.72394014,80.02703250,77.14500773,36.93242727,22.09544077,36.93242727,26.59418108,8.65739371,22.09544077,8.65739371,21.52063646
0.32015865,0.63784121,0.24558540,0.50739769,-0.48486081,0.52177788,0.48497983,157.43833663,-107.50991011,29.66670333,-107.50991011,138.25748428,-35.72343347,29.66670333,-35.72343347,79.48366425,76.26250118,36.95387264,21.63607431,36.95387264,26.96869257,8.51048790,21.63607431,8.51048790,20.78796290
0.31856271,0.63957126,0.24558233,0.50735701,-0.48501736,0.52196131,0.48466836,156.89504116,-107.19676113,29.53519975,-107.19676113,138.03949608,-35.72948361,29.53519975,-35.72948361,78.91586351,75.41860600,36.96380287,21.19901403,36.96380287,27.32042511,8.36555497,21.19901403,8.36555497,20.10148843
0.31701178,0.64123612,0.24557972,0.50731799,-0.48517612,0.52214304,0.48435445,156.36367293,-106.87455076,29.40854156,-106.87455076,137.79636049,-35.74227821,29.40854156,-35.74227821,78.32425381,74.61425578,36.96416561,20.78438595,36.96416561,27.65032815,8.22349317,20.78438595,8.22349317,19.45967266
